StartDate,EndDate,Status,IPAddress,Progress,Duration (in seconds),Finished,RecordedDate,ResponseId,RecipientLastName,RecipientFirstName,RecipientEmail,ExternalReference,LocationLatitude,LocationLongitude,DistributionChannel,ci_bfbm_attractiveness,ci_bfwf_attractiveness,ci_wmbm_attractiveness,ci_wmwf_attractiveness,antici_bfbm_attractiveness,antici_bfwf_attractiveness,antici_wmbm_attractiveness,antici_wmwf_attractiveness,ci_bfbm_competence,ci_bfwf_competence,ci_wmbm_competence,ci_wmwf_competence,antici_bfbm_competence,antici_bfwf_competence,antici_wmbm_competence,antici_wmwf_competence,ci_bfbm_dominance,ci_bfwf_dominance,ci_wmbm_dominance,ci_wmwf_dominance,antici_bfbm_dominance,antici_bfwf_dominance,antici_wmbm_dominance,antici_wmwf_dominance,ci_bfbm_gender,ci_bfwf_gender,ci_wmbm_gender,ci_wmwf_gender,antici_bfbm_gender,antici_bfwf_gender,antici_wmbm_gender,antici_wmwf_gender,ci_bfbm_happiness,ci_bfwf_happiness,ci_wmbm_happiness,ci_wmwf_happiness,antici_bfbm_happiness,antici_bfwf_happiness,antici_wmbm_happiness,antici_wmwf_happiness,ci_bfbm_leader,ci_bfwf_leader,ci_wmbm_leader,ci_wmwf_leader,antici_bfbm_leader,antici_bfwf_leader,antici_wmbm_leader,antici_wmwf_leader,ci_bfbm_likability,ci_bfwf_likability,ci_wmbm_likability,ci_wmwf_likability,antici_bfbm_likability,antici_bfwf_likability,antici_wmbm_likability,antici_wmwf_likability,ci_bfbm_race,ci_bfwf_race,ci_wmbm_race,ci_wmwf_race,antici_bfbm_race,antici_bfwf_race,antici_wmbm_race,antici_wmwf_race,ci_bfbm_trustworthiness,ci_bfwf_trustworthiness,ci_wmbm_trustworthiness,ci_wmwf_trustworthiness,antici_bfbm_trustworthiness,antici_bfwf_trustworthiness,antici_wmbm_trustworthiness,antici_wmwf_trustworthiness,ci_bfbm_warmth,ci_bfwf_warmth,ci_wmbm_warmth,ci_wmwf_warmth,antici_bfbm_warmth,antici_bfwf_warmth,antici_wmbm_warmth,antici_wmwf_warmth,age,sex,race,data_use,mTurkCode
5/1/2017 13:02,5/1/2017 13:05,0,162.216.46.57,100,199,1,5/1/2017 13:05,R_XiU2KXOTjmRcyKR,,,,,33.03619385,-96.67120361,anonymous,4,6,4,4,3,4,3,4,4,3,4,4,4,3,4,4,4,4,4,4,3,4,4,3,2,5,3,2,3,3,4,4,4,4,3,4,3,4,4,4,3,4,4,4,4,4,4,3,4,5,4,4,4,4,3,3,3,4,4,3,4,3,4,4,3,4,4,4,4,3,4,3,4,4,4,4,4,4,4,4,33,1,1,4,2559407349
5/1/2017 13:02,5/1/2017 13:09,0,24.3.147.179,100,419,1,5/1/2017 13:09,R_3fHQZtTIQOZ3mAP,,,,,40.50680542,-79.95359802,anonymous,4,5,5,5,1,1,1,1,6,6,3,4,1,1,1,2,5,4,5,5,1,1,6,1,1,6,1,1,2,5,1,3,4,4,3,3,2,2,1,5,6,4,5,5,1,1,5,1,5,4,3,3,3,2,1,6,6,1,1,1,6,6,6,4,4,4,3,3,2,2,1,5,5,3,2,3,1,2,1,5,33,1,1,4,2866179603
5/1/2017 13:08,5/1/2017 13:09,0,74.213.35.174,100,58,1,5/1/2017 13:09,R_3iRzjqdbtSd66hu,,,,,30.44160461,-97.59860229,anonymous,4,3,4,4,4,4,5,5,4,3,5,4,5,5,4,5,5,5,4,5,4,4,5,4,5,5,3,4,4,4,5,5,4,5,4,4,4,5,5,5,4,5,4,5,4,3,4,5,4,5,4,5,3,5,3,5,3,4,5,5,5,3,4,3,4,4,5,3,3,4,5,4,4,4,4,5,5,3,4,4,24,1,1,4,3322584578
5/1/2017 13:10,5/1/2017 13:12,0,72.185.235.232,100,104,1,5/1/2017 13:12,R_3Pk32thD4KyHWDi,,,,,27.78970337,-82.728302,anonymous,3,3,4,5,5,4,4,4,5,5,5,4,4,5,3,4,5,5,4,5,3,4,4,3,1,2,2,2,2,2,1,2,4,5,5,6,5,5,4,4,4,5,5,5,6,4,5,4,5,5,4,6,5,4,5,4,5,4,4,2,6,5,4,4,4,3,3,5,4,5,4,4,2,3,3,4,4,2,3,2,29,1,1,4,3210623316
5/1/2017 13:43,5/1/2017 13:47,0,177.237.19.21,100,230,1,5/1/2017 13:47,R_2qBQg5vAc7xUuZl,,,,,28.21670532,-105.3167038,anonymous,4,6,4,4,2,2,1,2,3,5,4,2,4,4,4,3,3,3,5,4,5,4,5,3,1,6,1,1,3,2,2,3,5,3,4,3,3,3,3,4,3,4,4,4,4,5,5,3,4,6,5,5,3,3,3,4,5,3,3,2,5,5,5,4,5,5,5,4,2,3,3,3,5,5,4,4,3,2,2,5,29,1,3,4,503729829
5/1/2017 13:49,5/1/2017 13:54,0,174.232.6.82,100,249,1,5/1/2017 13:54,R_3HUlBDHAatBBU6R,,,,,41.31410217,-81.67310333,anonymous,5,5,4,5,3,4,2,4,5,5,5,5,3,4,3,3,6,6,5,6,4,5,6,2,1,6,1,1,1,5,1,6,4,5,4,4,4,3,4,6,6,6,6,6,5,4,5,2,4,3,3,4,4,5,2,5,6,4,3,1,6,5,2,4,4,2,4,2,3,3,2,5,3,2,3,3,4,5,2,6,26,1,1,4,4991967510
5/1/2017 14:07,5/1/2017 14:12,0,98.113.174.246,100,270,1,5/1/2017 14:12,R_07EOVIJgM538QWB,,,,,40.61000061,-73.91079712,anonymous,6,6,6,6,4,2,3,2,6,6,5,6,3,3,4,2,5,6,5,6,2,1,4,1,1,1,1,1,1,4,1,4,5,6,5,5,5,3,3,5,6,6,6,6,3,1,5,1,5,6,5,4,6,5,5,5,6,3,3,1,6,6,4,1,5,5,4,3,4,3,3,6,5,3,5,3,5,3,4,6,56,2,1,4,1442170656
5/1/2017 14:12,5/1/2017 14:14,0,72.90.87.5,100,161,1,5/1/2017 14:14,R_27lELIlL5lbXmfb,,,,,43.10980225,-76.19950104,anonymous,4,6,5,5,2,4,1,3,5,5,5,4,4,3,5,3,5,3,3,4,4,3,4,6,1,6,1,1,1,5,3,2,4,4,5,2,2,3,1,2,4,3,4,4,5,2,3,2,5,6,5,5,4,4,4,6,4,3,3,4,2,2,3,6,5,6,5,5,3,4,2,4,3,6,5,2,4,4,3,6,26,1,1,4,5040702783
5/1/2017 14:56,5/1/2017 14:57,0,198.72.247.247,100,65,1,5/1/2017 14:57,R_3g14VQm25iwVv0v,,,,,34.08529663,-117.9608994,anonymous,2,3,3,5,2,4,1,4,4,2,3,5,4,6,2,4,5,5,5,5,4,3,5,5,2,1,2,3,5,6,6,5,5,5,5,5,5,5,5,5,2,4,4,5,6,6,4,3,2,5,5,1,3,2,4,4,1,2,4,4,5,6,6,3,6,2,1,4,2,6,3,1,5,3,2,5,5,3,5,4,21,2,4,4,9137656712
5/1/2017 14:54,5/1/2017 14:58,0,104.35.170.65,100,235,1,5/1/2017 14:58,R_1NeHQurMZU7IISX,,,,,34.15390015,-117.9918976,anonymous,3,5,4,5,2,2,3,4,5,5,5,5,2,3,5,4,5,4,5,5,3,3,4,2,1,6,1,1,3,4,2,6,5,4,3,4,2,2,2,4,3,5,4,4,2,2,3,3,4,4,5,4,3,2,3,3,6,3,2,1,5,3,5,2,3,3,4,4,2,2,3,3,4,4,5,4,2,3,3,4,53,2,1,4,5696231946
5/1/2017 14:56,5/1/2017 15:00,0,98.203.228.54,100,241,1,5/1/2017 15:00,R_1gvgM0ygqyoeZRk,,,,,47.15829468,-122.5639954,anonymous,4,5,5,4,1,1,3,1,5,5,5,5,5,4,5,4,1,4,4,3,2,3,4,2,1,6,1,1,3,3,1,2,4,4,3,4,3,2,4,3,5,5,5,5,5,2,5,2,5,5,5,5,5,2,5,4,6,3,3,1,6,3,5,2,2,5,5,5,3,2,5,4,4,5,3,4,2,2,4,4,29,1,1,4,9644204960
5/1/2017 14:57,5/1/2017 15:01,0,45.36.161.66,100,267,1,5/1/2017 15:01,R_2qqOSRfvtPIR2ML,,,,,36.01620483,-80.04340363,anonymous,2,3,3,3,2,1,2,1,4,4,4,5,4,2,3,2,4,4,5,6,4,3,3,1,1,5,1,1,1,4,1,5,2,2,2,2,2,2,2,3,3,3,3,2,2,2,2,2,2,2,2,1,1,1,2,3,6,6,6,2,6,6,6,3,2,2,2,2,2,1,2,2,2,2,2,1,2,2,2,2,23,1,1,4,8456511506
5/1/2017 15:10,5/1/2017 15:13,0,69.130.121.20,100,162,1,5/1/2017 15:13,R_3phDwltTO4VnQdX,,,,,37.81159973,-113.2240982,anonymous,5,6,4,4,4,3,3,3,3,5,3,4,3,3,3,4,5,3,5,4,4,3,5,3,3,5,2,3,2,5,2,4,5,5,4,3,3,2,2,4,5,5,5,5,4,2,3,3,4,4,4,5,4,3,4,4,4,4,5,2,5,5,5,4,4,5,4,4,4,4,5,4,4,5,3,4,4,3,3,4,26,1,1,4,1224700665
5/1/2017 15:15,5/1/2017 15:18,0,24.50.225.210,100,193,1,5/1/2017 15:18,R_1g16hxtVXyamUte,,,,,18.47569275,-67.12470245,anonymous,6,6,5,5,2,3,3,2,2,5,1,6,3,1,2,2,6,5,3,5,1,2,4,1,1,6,1,1,2,1,5,4,5,3,6,5,1,2,1,3,2,6,4,5,1,3,2,2,5,6,4,5,2,3,2,1,5,2,1,1,1,5,6,2,3,5,6,6,2,2,2,1,3,4,6,5,2,2,2,1,23,1,3,4,4095777436
5/1/2017 15:49,5/1/2017 15:54,0,98.238.190.195,100,323,1,5/1/2017 15:54,R_3knNy6uwE404dvF,,,,,38.62620544,-121.3247986,anonymous,3,6,6,6,3,3,3,4,6,6,5,5,4,3,4,2,6,6,6,6,4,2,6,2,1,6,1,1,1,6,1,6,3,5,4,3,3,2,2,2,5,5,6,5,3,2,5,2,4,6,2,4,3,5,3,4,6,2,1,1,6,5,6,2,3,5,4,4,4,4,3,5,4,5,3,2,3,4,1,4,50,2,5,4,2532888358
5/1/2017 15:59,5/1/2017 16:04,0,71.238.83.230,100,260,1,5/1/2017 16:04,R_qPCSGSdy8RQAoTv,,,,,45.48179626,-122.6004944,anonymous,5,2,4,5,1,2,3,4,5,4,5,5,5,5,4,4,5,5,4,5,5,4,5,1,1,6,1,1,1,4,2,6,3,4,4,4,2,2,3,4,4,3,4,5,4,3,4,3,5,2,5,5,3,4,4,5,6,3,2,1,4,5,5,3,5,1,3,4,3,4,4,5,4,1,4,4,2,3,3,5,29,2,3,4,3097079732
5/1/2017 16:27,5/1/2017 16:29,0,65.129.65.253,100,101,1,5/1/2017 16:29,R_1QJY6poy602WUnT,,,,,43.63200378,-116.2837982,anonymous,4,2,4,4,4,4,5,4,4,2,5,3,4,5,5,4,5,5,5,4,3,6,2,3,3,2,2,6,2,2,2,3,2,2,2,2,2,3,2,5,3,5,3,3,3,4,3,3,1,2,2,4,4,5,3,4,4,4,3,3,5,6,5,3,4,5,5,5,5,5,5,6,3,4,5,6,5,5,4,5,27,1,1,4,537829237
5/1/2017 16:27,5/1/2017 16:32,0,108.67.200.49,100,300,1,5/1/2017 16:32,R_3EbCC0cTmg10X29,,,,,25.75410461,-80.27100372,anonymous,2,6,4,5,1,3,1,4,6,5,5,5,2,3,2,4,5,5,6,6,1,2,3,4,1,6,1,1,2,6,1,6,5,4,2,3,3,1,1,4,5,6,5,4,1,2,3,3,4,6,4,5,1,3,2,4,6,1,1,1,6,5,6,3,4,4,5,5,1,2,3,3,4,2,2,5,1,2,1,3,28,1,1,4,1370702521
5/1/2017 16:34,5/1/2017 16:36,0,50.110.212.218,100,88,1,5/1/2017 16:36,R_325EWPRo1FTny8N,,,,,39.3795929,-78.02020264,anonymous,2,2,4,2,3,4,4,3,3,4,3,4,3,2,4,3,4,4,4,3,4,2,3,2,3,3,3,4,3,3,3,2,4,4,4,3,4,5,3,3,4,2,4,3,2,5,4,4,6,3,4,4,3,5,3,2,4,3,4,3,3,3,2,4,5,3,5,4,4,4,4,4,2,5,5,5,5,2,5,5,30,1,1,1,5112834335
5/1/2017 16:36,5/1/2017 16:38,0,50.110.212.218,100,99,1,5/1/2017 16:38,R_25XFa3C5Y2F0VS3,,,,,39.3795929,-78.02020264,anonymous,4,3,4,3,4,4,3,3,2,5,5,3,5,2,3,4,3,3,4,5,4,2,3,4,4,2,4,4,4,3,5,4,3,4,4,3,5,3,4,3,4,4,3,2,3,3,4,3,3,4,3,3,3,4,3,4,4,4,3,3,5,5,4,4,4,3,3,4,3,3,3,4,3,3,4,4,3,4,3,3,26,2,1,2,5767127126
5/1/2017 16:27,5/1/2017 16:42,0,72.228.42.128,100,934,1,5/1/2017 16:42,R_10Hq9ZwRCBE2VWA,,,,,43.00559998,-73.8628006,anonymous,4,6,5,6,1,1,1,1,5,6,5,6,1,1,1,1,4,6,6,6,2,1,1,1,1,6,1,1,3,3,1,2,1,2,3,3,1,1,1,5,5,5,6,6,5,1,1,1,4,5,6,6,1,1,1,1,6,4,4,1,6,6,6,1,3,2,3,4,1,1,2,1,2,2,4,4,3,1,1,6,25,2,1,4,1261771880
5/1/2017 16:27,5/1/2017 16:43,0,73.204.106.226,100,921,1,5/1/2017 16:43,R_3PKKqpsyWzKu0Yz,,,,,25.60319519,-80.33470154,anonymous,5,6,6,6,2,3,3,4,6,6,4,6,1,2,2,4,4,4,6,5,4,3,6,5,3,6,1,1,1,3,1,6,6,6,3,4,1,2,1,2,5,5,5,5,3,2,2,4,6,4,4,4,3,1,2,3,5,4,4,1,5,4,5,4,4,4,3,3,3,3,3,3,4,4,3,3,3,3,2,2,41,2,2,4,8006664086
5/1/2017 16:40,5/1/2017 16:45,0,75.173.72.222,100,295,1,5/1/2017 16:45,R_2Xn5bZppbcgn5zs,,,,,35.2467041,-106.7231979,anonymous,1,6,1,5,1,2,1,3,5,5,5,5,2,3,3,5,6,4,5,5,2,1,3,1,1,6,1,1,2,5,1,5,4,3,1,3,1,1,2,2,5,5,5,5,1,1,2,1,5,5,4,5,3,4,3,4,6,4,2,2,6,3,5,4,4,4,3,3,4,3,2,5,3,6,2,4,4,3,3,5,30,1,3,4,8527591903
5/1/2017 16:46,5/1/2017 16:50,0,24.125.195.4,100,233,1,5/1/2017 16:50,R_10T46EOPEWD3ovE,,,,,34.14830017,-84.14040375,anonymous,5,6,6,5,5,4,6,4,6,4,5,6,4,4,4,2,5,4,5,5,4,4,4,4,1,5,1,1,1,4,1,5,4,5,4,4,6,3,5,5,6,6,6,6,5,4,5,5,5,6,6,6,2,4,5,5,6,1,2,1,6,4,5,2,6,4,6,6,4,4,6,6,5,6,5,5,3,3,5,5,45,2,1,4,3644684935
5/1/2017 17:23,5/1/2017 17:26,0,99.103.99.85,100,175,1,5/1/2017 17:26,R_56c8KN6tyChNdhT,,,,,39.82269287,-86.14499664,anonymous,4,4,4,4,4,2,3,5,3,4,4,5,3,2,4,3,4,3,4,4,3,2,2,5,1,5,2,1,2,6,2,6,3,4,4,4,3,2,1,5,3,4,4,4,2,2,3,5,5,4,5,2,2,3,4,6,4,4,4,4,2,2,3,6,4,4,4,4,3,3,3,6,4,4,4,4,2,2,4,5,32,1,1,4,3505488509
5/1/2017 18:02,5/1/2017 18:05,0,172.3.120.221,100,170,1,5/1/2017 18:05,R_8kOYE1QWwRGmMOB,,,,,30.63110352,-88.2818985,anonymous,1,5,5,1,4,3,4,2,2,3,1,4,1,2,2,4,2,5,4,2,2,4,3,1,4,2,3,6,1,4,5,4,1,2,3,4,5,4,6,2,6,5,6,4,1,3,3,5,4,3,5,2,2,5,6,6,2,3,1,2,5,4,2,4,2,2,6,6,2,4,4,4,6,2,5,5,5,3,3,4,29,1,1,4,2230280876
5/1/2017 18:01,5/1/2017 18:06,0,198.14.212.54,100,307,1,5/1/2017 18:06,R_1PXWwuOOn2x5ei1,,,,,41.31520081,-81.44049835,anonymous,4,6,4,5,1,1,2,1,4,6,4,5,1,1,1,1,4,5,5,5,3,1,1,1,2,6,2,1,6,2,2,2,5,5,3,5,1,2,1,1,6,5,5,6,2,2,2,1,3,5,2,5,1,1,1,2,5,4,3,1,6,4,6,1,5,5,4,5,1,1,1,1,4,5,4,4,2,3,2,5,37,2,1,4,9195140078
5/1/2017 18:05,5/1/2017 18:08,0,69.204.27.17,100,183,1,5/1/2017 18:08,R_1jq3tJSjoCDMHnv,,,,,42.97419739,-78.84809875,anonymous,5,6,4,5,2,2,2,2,4,4,4,4,2,2,2,1,5,4,5,4,5,2,3,1,5,5,2,2,2,2,2,2,4,2,3,3,2,2,3,2,5,4,4,2,2,2,2,2,5,4,4,2,2,2,2,2,5,2,2,2,5,5,5,2,5,5,2,3,3,3,3,3,5,5,2,2,2,3,2,2,29,1,1,4,6370432996
5/1/2017 18:19,5/1/2017 18:23,0,24.127.148.55,100,236,1,5/1/2017 18:23,R_NXsDuTpNrneLwNH,,,,,42.17590332,-83.48069763,anonymous,5,2,4,5,4,2,2,6,2,4,6,6,1,2,1,6,6,6,6,6,1,1,5,2,1,2,6,6,1,1,3,4,5,3,1,6,1,2,6,6,6,5,6,6,2,2,2,2,6,4,2,5,1,4,2,5,5,6,2,2,6,3,6,2,2,4,2,5,1,2,2,6,1,4,3,5,5,6,5,5,27,1,2,4,7224977538
5/1/2017 18:42,5/1/2017 18:47,0,68.203.142.133,100,322,1,5/1/2017 18:47,R_10MicahunZ5p2Rk,,,,,33.01620483,-96.53820038,anonymous,4,5,5,4,3,3,2,4,4,4,4,1,4,4,4,4,3,4,4,5,4,3,5,3,2,6,1,1,2,4,1,5,5,5,3,4,3,3,3,4,2,4,4,5,3,3,4,3,5,6,5,3,4,3,3,5,5,2,2,1,5,5,5,3,5,5,4,3,3,4,4,5,5,5,4,5,4,5,4,5,58,2,4,4,538491407
5/1/2017 18:54,5/1/2017 18:55,0,75.136.100.150,100,74,1,5/1/2017 18:55,R_1Gv7meyawhjknjQ,,,,,35.76660156,-81.33550262,anonymous,3,5,2,3,4,4,2,2,5,2,5,2,2,4,5,4,5,2,2,4,2,5,3,4,1,6,2,2,1,2,2,3,2,3,4,2,5,5,4,4,5,4,5,3,3,2,4,2,4,2,2,4,2,3,5,3,3,5,4,2,5,4,4,1,5,3,2,5,4,5,4,2,2,5,4,3,2,4,4,2,24,1,1,4,7717612022
5/1/2017 18:56,5/1/2017 19:04,0,75.136.100.150,100,489,1,5/1/2017 19:04,R_tWCzfxmJxRGMnE5,,,,,35.76660156,-81.33550262,anonymous,5,4,4,4,3,2,3,2,4,3,4,2,3,3,5,4,2,4,5,5,5,3,5,3,2,5,4,4,3,5,3,4,2,3,5,3,4,4,3,5,4,2,5,4,4,3,4,2,3,3,4,2,3,4,4,5,4,3,4,2,6,4,5,4,2,4,3,3,3,5,4,3,5,2,3,4,3,3,4,4,24,1,1,4,6423387290
5/1/2017 19:34,5/1/2017 19:36,0,97.82.41.99,100,103,1,5/1/2017 19:36,R_2Ez5pP4R05aWaTt,,,,,33.89970398,-87.17199707,anonymous,1,1,1,1,1,1,1,1,1,2,1,1,2,1,1,2,5,1,1,1,1,4,1,1,1,2,2,2,2,1,2,1,2,2,2,2,2,2,6,2,1,1,1,1,1,1,1,1,3,2,3,3,3,2,2,3,1,1,1,1,1,1,1,1,1,2,3,2,4,1,1,1,2,2,2,2,2,2,2,2,23,2,1,4,682346430
5/1/2017 19:34,5/1/2017 19:36,0,45.51.241.16,100,150,1,5/1/2017 19:36,R_3Q0prADsQKc63cw,,,,,34.12190247,-117.3251038,anonymous,4,4,4,4,4,3,4,5,3,4,2,2,5,2,4,3,5,3,4,5,5,4,2,2,1,4,1,1,2,3,1,4,2,5,2,4,4,4,2,4,5,2,4,5,3,2,3,5,4,4,5,5,2,3,5,4,4,5,3,2,6,5,5,4,2,5,4,4,3,5,4,3,3,5,5,5,4,3,3,4,37,1,2,4,8647797722
5/1/2017 19:34,5/1/2017 19:37,0,24.60.228.179,100,175,1,5/1/2017 19:37,R_BtPoPToSMw4tjjj,,,,,41.78999329,-72.87349701,anonymous,2,6,1,1,1,4,1,1,5,4,5,5,3,4,3,3,4,4,5,5,3,3,3,2,1,6,1,1,4,2,2,2,4,4,4,4,3,3,2,6,5,4,5,5,3,3,2,4,3,4,4,3,4,3,2,4,6,3,4,1,6,5,4,3,3,5,5,4,2,4,2,4,4,5,4,4,3,3,2,5,29,1,1,4,1046094103
5/1/2017 19:34,5/1/2017 19:37,0,108.85.160.226,100,163,1,5/1/2017 19:37,R_2CpTjm4pQKVhnQ7,,,,,42.18899536,-87.8062973,anonymous,3,6,4,2,5,3,1,2,5,4,5,4,6,3,4,2,4,4,2,3,5,4,3,5,3,6,1,2,1,2,1,6,2,4,1,4,1,2,1,6,2,5,6,5,2,2,4,1,4,2,5,3,4,2,3,1,5,4,3,3,5,3,5,1,3,3,2,4,1,2,2,5,4,4,2,5,2,2,1,6,32,1,1,4,853755097
5/1/2017 19:34,5/1/2017 19:38,0,184.6.130.173,100,250,1,5/1/2017 19:38,R_2saxdCFO4Wf49OJ,,,,,36.17199707,-115.2093964,anonymous,5,6,3,6,2,1,2,2,4,6,5,4,2,2,3,4,5,2,6,5,5,3,5,2,1,6,1,1,3,3,1,4,3,4,4,5,1,2,2,2,5,6,3,3,2,2,4,2,5,5,2,5,2,2,4,3,6,4,3,2,5,5,6,2,4,6,4,4,2,3,3,2,4,5,2,5,4,1,2,3,45,1,1,4,256591025
5/1/2017 19:34,5/1/2017 19:38,0,162.196.59.44,100,243,1,5/1/2017 19:38,R_1n73DxZPbRaojwT,,,,,34.20230103,-118.4468002,anonymous,4,6,5,5,2,2,2,3,3,5,3,4,3,2,2,1,3,4,6,5,4,4,4,2,3,6,1,1,2,3,2,3,5,3,4,2,3,3,3,6,4,4,2,3,1,2,2,1,5,6,5,5,3,4,2,4,6,3,3,2,5,4,4,3,3,4,4,2,3,3,4,4,5,3,4,4,2,4,4,5,35,1,3,4,3936469769
5/1/2017 19:45,5/1/2017 19:49,0,130.157.59.213,100,184,1,5/1/2017 19:49,R_3MAng1LMQPZQR4D,,,,,38.3433075,-122.7041016,anonymous,4,6,4,4,4,3,3,1,6,6,6,6,1,1,1,1,4,1,6,6,1,1,6,1,1,6,1,1,6,6,1,1,4,6,4,1,1,1,1,6,6,6,6,6,1,1,6,1,4,6,4,4,3,3,3,1,6,4,1,1,6,6,6,3,4,6,6,4,1,1,4,1,4,6,4,4,1,1,3,1,24,1,1,4,5743262
5/1/2017 19:55,5/1/2017 19:59,0,72.192.100.148,100,216,1,5/1/2017 19:59,R_UAPQLMa3TViLpxD,,,,,35.97650146,-95.81520081,anonymous,4,6,3,4,2,1,1,3,6,4,4,5,3,4,3,3,5,6,4,5,2,1,3,2,3,6,1,2,3,3,2,3,5,4,5,4,2,1,1,6,5,4,3,4,3,4,3,2,4,4,3,3,3,3,3,4,5,2,2,1,4,4,5,2,6,6,4,4,2,3,2,3,6,6,4,3,2,1,2,4,34,2,5,4,3069621106
5/1/2017 19:37,5/1/2017 20:11,0,72.168.176.203,100,2011,1,5/1/2017 20:11,R_3n2RRP6Nyh2ATyd,,,,,28.63439941,-81.62210083,anonymous,4,6,5,6,1,2,1,1,2,5,3,4,2,2,3,1,5,2,6,6,5,2,5,1,1,6,1,1,1,3,1,2,2,5,3,4,2,2,2,5,2,5,4,5,2,2,4,1,2,5,4,3,2,2,2,3,6,3,2,1,6,5,4,2,3,5,3,3,2,3,4,1,2,4,3,3,2,2,3,2,34,1,1,4,2845639284
5/1/2017 21:06,5/1/2017 21:09,0,174.97.196.114,100,178,1,5/1/2017 21:09,R_3exduQPG4BrsYFN,,,,,38.25320435,-84.55239868,anonymous,2,1,4,1,3,5,2,3,5,1,3,5,2,2,4,2,3,5,5,2,2,1,1,2,2,3,5,2,5,4,2,4,4,2,1,4,6,1,5,6,1,3,1,5,5,5,3,4,5,5,3,1,2,2,5,6,6,4,3,1,2,6,5,4,2,4,1,5,2,5,4,1,2,5,1,3,1,2,5,3,36,1,1,4,6717615770
5/1/2017 21:07,5/1/2017 21:10,0,50.186.100.209,100,198,1,5/1/2017 21:10,R_3CTlGbX73qym4BQ,,,,,41.05039978,-112.060997,anonymous,2,1,4,1,1,1,1,1,5,6,5,6,1,1,6,4,4,5,6,6,5,1,6,2,1,6,1,1,4,5,1,1,3,4,4,3,2,1,1,4,6,6,4,6,1,5,1,6,5,5,4,4,1,4,1,3,6,4,1,1,6,5,4,3,1,1,4,2,1,2,1,6,1,1,1,4,1,2,1,5,27,1,1,4,6185056129
5/1/2017 21:06,5/1/2017 21:10,0,24.47.82.96,100,221,1,5/1/2017 21:10,R_RxxV0zqGANJnJHX,,,,,41.23049927,-73.1257019,anonymous,4,5,5,4,3,3,3,4,5,5,5,5,4,3,4,3,6,6,6,6,6,3,6,2,1,6,1,1,1,2,1,3,3,5,3,6,3,2,3,5,5,6,5,5,4,1,6,2,3,5,4,4,4,3,3,4,6,5,2,1,6,4,6,3,5,4,5,5,4,3,5,4,4,4,4,3,1,2,3,5,30,2,1,4,7805272829
5/1/2017 21:06,5/1/2017 21:11,0,63.155.110.193,100,294,1,5/1/2017 21:11,R_2aQga64ic1fSExK,,,,,42.04420471,-107.4298019,anonymous,3,4,4,4,2,3,3,2,5,5,5,5,3,4,4,3,4,6,6,6,3,2,4,3,1,5,2,2,2,3,1,2,3,3,3,3,3,2,2,5,4,5,5,5,4,3,3,2,4,5,5,3,3,3,4,4,6,4,5,2,5,4,4,1,4,4,5,3,4,4,4,4,3,4,5,3,3,4,4,4,24,1,1,4,6302434811
5/1/2017 21:07,5/1/2017 21:12,0,174.99.35.164,100,297,1,5/1/2017 21:12,R_31WSUFCRq3dR6S0,,,,,35.94999695,-78.96160126,anonymous,4,5,5,4,3,3,3,3,5,5,4,5,3,3,5,3,4,4,5,5,4,3,5,3,2,5,2,5,2,4,2,5,4,4,3,3,3,3,3,3,5,5,5,5,4,3,4,4,5,5,5,5,4,2,3,3,5,4,2,2,5,5,5,3,5,4,4,5,3,2,3,3,4,4,4,4,3,3,3,4,41,1,1,4,5592044811
5/1/2017 21:14,5/1/2017 21:19,0,68.185.146.114,100,330,1,5/1/2017 21:19,R_2VQPcaiFTSD1mjX,,,,,32.36169434,-86.13359833,anonymous,4,4,5,6,3,3,3,3,3,5,5,6,2,3,4,2,4,5,5,3,2,4,5,2,2,5,1,1,4,4,2,5,2,5,3,4,2,2,2,3,4,5,5,6,3,3,4,2,5,5,5,5,4,4,4,4,6,4,1,1,6,6,6,4,2,3,4,6,4,3,2,4,3,4,3,4,2,3,2,4,31,1,1,4,2009746014
5/1/2017 21:26,5/1/2017 21:32,0,74.129.88.170,100,335,1,5/1/2017 21:32,R_2CdI2WpEr9VGgKs,,,,,36.90739441,-87.45970154,anonymous,2,5,3,5,1,1,1,1,2,5,5,6,1,1,1,2,4,5,4,5,1,1,1,2,1,5,1,1,1,3,1,3,2,5,3,4,1,1,1,4,4,6,5,6,1,1,1,1,3,5,5,5,2,2,2,4,6,3,1,1,6,6,6,3,2,5,5,6,5,4,5,5,3,6,4,4,1,1,1,4,35,2,1,4,2518120432
5/1/2017 21:42,5/1/2017 21:48,0,23.113.198.44,100,389,1,5/1/2017 21:48,R_5BTt1RUrx9JwLxD,,,,,33.95170593,-118.2956009,anonymous,6,5,6,4,3,3,3,1,6,5,5,4,2,5,3,1,4,5,6,4,6,4,4,2,1,6,1,1,1,1,1,1,5,4,4,4,1,1,3,4,6,4,4,4,1,2,2,1,4,2,4,1,3,2,2,2,6,4,4,1,6,6,6,1,5,1,5,1,1,2,2,1,4,1,1,1,2,2,1,1,49,2,2,4,7272997484
5/1/2017 21:53,5/1/2017 22:01,0,73.96.114.156,100,470,1,5/1/2017 22:01,R_2dfPYlEs04XJyES,,,,,45.44700623,-122.7667999,anonymous,5,5,6,6,1,2,1,2,5,4,5,5,2,2,2,5,6,4,6,5,4,2,5,1,1,6,1,1,2,5,1,6,2,4,1,5,2,2,1,5,5,3,6,4,2,2,1,1,3,4,3,3,2,3,2,5,6,1,1,1,5,5,4,3,5,5,5,5,2,3,3,4,2,5,1,4,2,1,1,5,37,1,1,4,405427493
5/1/2017 22:39,5/1/2017 22:43,0,172.113.25.190,100,205,1,5/1/2017 22:43,R_6mVp9omcqlBzZ5f,,,,,34.05299377,-117.2489014,anonymous,5,6,5,6,2,4,1,1,6,5,6,6,1,5,1,1,4,2,5,6,6,2,2,1,4,6,1,1,1,2,3,4,5,4,2,4,1,1,2,5,3,5,5,5,1,1,1,1,5,3,6,5,5,3,4,2,6,1,1,1,6,5,6,2,5,5,5,6,1,5,2,4,2,3,4,1,1,4,3,2,32,2,1,4,6203963272
5/1/2017 22:39,5/1/2017 22:43,0,24.29.26.90,100,221,1,5/1/2017 22:43,R_2CQzrZ1iJpkcQOx,,,,,40.03579712,-84.17749786,anonymous,4,5,6,4,2,3,2,3,6,5,6,5,3,4,4,5,6,6,6,6,3,6,5,5,1,6,1,1,1,6,1,4,5,5,5,4,2,2,4,4,5,4,5,5,4,5,3,5,6,6,6,5,3,4,3,4,6,1,1,1,6,3,3,3,6,4,6,6,3,5,5,5,6,4,5,5,2,3,4,5,33,2,1,4,8139277929
5/1/2017 22:39,5/1/2017 22:44,0,50.149.70.172,100,268,1,5/1/2017 22:44,R_2sWK7BLpp8b9PnI,,,,,47.47929382,-121.5429993,anonymous,5,6,5,6,2,1,2,2,5,6,5,5,3,2,3,4,5,6,5,5,2,1,4,3,1,6,1,1,3,4,1,5,4,5,3,3,2,2,3,4,5,6,4,5,3,1,3,1,5,5,5,5,2,2,1,6,6,3,4,3,6,5,6,4,5,5,3,5,3,1,2,4,2,2,5,5,3,3,2,6,30,2,4,4,4214663548
5/1/2017 22:40,5/1/2017 22:44,0,174.135.111.253,100,288,1,5/1/2017 22:44,R_2wTUPH6MxcrQJ39,,,,,35.54980469,-118.917099,anonymous,1,3,1,1,1,3,1,1,4,4,2,2,1,3,1,3,5,3,5,5,4,3,6,4,1,6,1,1,1,5,1,1,2,4,2,2,1,2,1,5,5,4,5,4,4,2,1,1,1,1,1,1,1,1,1,1,6,3,2,1,6,5,6,1,1,3,1,2,1,4,1,2,2,5,2,2,4,1,1,4,37,1,1,4,9625619924
5/1/2017 22:39,5/1/2017 22:46,0,184.186.219.108,100,391,1,5/1/2017 22:46,R_1In68naiGShv0A1,,,,,33.40010071,-111.9290009,anonymous,6,6,5,5,1,2,1,1,6,5,6,6,3,2,4,1,4,6,5,5,2,2,6,1,1,6,1,1,2,4,1,3,6,4,4,4,2,1,2,5,5,5,5,5,1,1,4,1,5,3,4,4,3,1,1,4,6,2,1,1,5,3,4,2,6,3,4,3,1,1,2,4,6,2,4,3,2,2,3,5,22,2,1,3,8753678612
5/1/2017 22:47,5/1/2017 22:51,0,66.169.100.212,100,263,1,5/1/2017 22:51,R_3RadwA1YsgHjzt0,,,,,32.78210449,-97.29799652,anonymous,5,4,5,6,3,1,1,4,4,5,6,4,2,4,2,3,6,1,3,5,2,2,4,4,1,6,2,1,1,1,3,2,3,6,4,5,5,1,1,6,6,5,2,2,4,2,1,2,6,6,5,3,5,4,2,3,6,4,4,1,6,5,6,5,4,5,3,2,1,3,1,5,4,5,4,5,2,1,1,5,34,2,2,4,5159223936
5/1/2017 22:42,5/1/2017 22:53,0,207.244.77.42,100,682,1,5/1/2017 22:53,R_3JIcqQCgPvSQHjv,,,,,38.77009583,-77.63210297,anonymous,1,1,1,1,1,1,1,1,1,6,6,6,1,1,6,1,6,6,6,6,6,6,6,6,1,6,1,1,6,6,1,6,6,6,6,6,1,1,1,6,1,1,1,1,1,1,1,1,6,6,6,6,6,6,6,6,6,6,6,1,6,6,6,1,1,1,1,1,3,1,1,1,6,6,6,6,6,6,1,6,32,1,2,4,4916252461
5/1/2017 23:18,5/1/2017 23:22,0,24.40.87.161,100,263,1,5/1/2017 23:22,R_cGc0qsbnY1pN47D,,,,,37.22619629,-113.4850006,anonymous,4,5,5,6,1,2,2,2,5,5,5,5,2,2,2,4,3,6,5,5,2,2,5,1,1,5,1,1,1,5,2,3,4,5,4,4,2,3,2,5,5,6,5,5,1,2,4,2,5,4,5,5,2,4,1,5,6,4,5,1,6,4,5,2,5,4,3,3,2,4,1,5,5,3,4,5,4,4,2,6,39,2,1,4,6500372132
5/1/2017 23:28,5/1/2017 23:34,0,108.67.57.43,100,335,1,5/1/2017 23:34,R_Z29YUO4s95cQp4R,,,,,35.05220032,-92.50440216,anonymous,4,6,4,4,1,1,1,1,5,6,5,6,1,1,2,5,4,6,5,5,1,1,2,1,1,6,1,1,1,4,5,2,3,4,4,4,2,1,2,5,6,5,5,6,1,1,2,1,3,4,6,4,4,3,3,5,6,1,2,1,6,6,6,3,3,3,4,1,3,4,1,6,4,4,4,2,4,4,3,6,34,2,4,4,1439584876
5/2/2017 0:13,5/2/2017 0:15,0,47.150.65.25,100,147,1,5/2/2017 0:15,R_ebAAYAy2tkrG5O1,,,,,34.21330261,-118.8800049,anonymous,5,5,4,6,2,4,4,3,5,4,4,3,5,3,4,3,4,3,4,4,3,3,4,2,3,3,3,3,4,3,3,4,4,3,4,4,3,4,3,3,3,4,4,4,3,3,3,3,5,5,5,5,5,3,2,4,5,4,4,2,5,3,5,3,5,5,6,5,4,4,4,5,2,3,4,3,4,3,4,3,33,1,1,4,9820221769
5/2/2017 0:13,5/2/2017 0:17,0,69.144.12.69,100,226,1,5/2/2017 0:17,R_2ZBUl6zXH4kLwYX,,,,,46.00920105,-112.4421005,anonymous,5,6,5,5,5,5,4,4,5,4,5,5,4,4,4,5,3,6,3,2,5,2,5,5,6,6,1,1,2,2,1,6,4,3,2,3,3,3,3,6,4,5,2,5,2,4,4,5,5,6,4,5,4,5,4,5,6,2,5,1,6,5,5,3,4,5,4,5,5,3,4,4,3,6,4,6,5,1,5,5,30,1,1,4,3696406926
5/2/2017 0:14,5/2/2017 0:17,0,149.101.37.2,100,197,1,5/2/2017 0:17,R_2yl4iFpsZoXjrse,,,,,39.01820374,-77.20860291,anonymous,3,3,2,4,1,1,3,2,3,3,4,4,2,2,3,4,2,3,4,4,4,3,4,5,4,2,3,4,3,3,3,3,4,3,3,2,4,5,4,3,4,2,2,2,3,4,4,1,5,4,3,3,4,3,5,4,3,2,2,3,4,3,3,4,3,3,2,2,2,4,5,3,3,3,3,3,5,3,3,3,37,1,1,4,5219811704
5/2/2017 0:12,5/2/2017 0:18,0,73.131.84.20,100,343,1,5/2/2017 0:18,R_qz0qEKjBvCfTUrL,,,,,32.80360413,-79.9469986,anonymous,4,5,5,4,1,2,2,3,5,6,5,5,1,2,2,2,5,4,6,6,2,3,5,1,1,5,1,1,1,2,1,3,4,4,3,4,1,2,1,4,4,5,6,6,1,1,1,1,5,5,4,5,4,5,1,6,6,2,2,1,6,5,6,1,4,5,2,5,2,4,1,6,3,4,4,5,3,4,1,6,47,2,1,4,3159400192
5/2/2017 0:18,5/2/2017 0:21,0,76.122.98.105,100,185,1,5/2/2017 0:21,R_2QEaaMAp8CdkJGk,,,,,33.86390686,-84.1242981,anonymous,3,4,3,3,3,3,3,3,4,4,4,4,4,3,4,4,3,4,4,4,3,3,4,3,3,4,4,3,3,3,3,4,4,4,4,4,3,3,3,4,4,4,4,4,3,3,3,3,4,4,4,4,3,3,3,3,4,3,3,3,4,4,4,3,4,4,3,3,3,4,3,4,4,4,4,4,4,3,3,4,27,1,1,3,9565602643
5/2/2017 0:19,5/2/2017 0:22,0,70.198.78.44,100,214,1,5/2/2017 0:22,R_1CjWzXOk42lRLKV,,,,,39.97439575,-86.07790375,anonymous,4,3,4,4,4,3,4,4,4,4,4,5,4,3,4,3,4,2,3,4,4,4,5,2,3,5,2,2,6,4,3,4,3,4,5,4,3,3,4,4,4,3,4,4,4,3,3,3,4,4,4,4,4,4,4,3,5,4,2,2,4,4,4,3,4,3,4,4,3,5,5,3,4,4,5,4,3,4,3,3,35,1,1,3,814609142
5/2/2017 0:14,5/2/2017 0:22,0,112.201.183.61,100,516,1,5/2/2017 0:22,R_qLAJJPfLLYwTvbz,,,,,14.59550476,120.9721069,anonymous,3,6,6,6,1,1,1,1,3,6,4,3,2,3,1,1,5,6,6,6,6,1,4,1,1,6,1,1,1,5,1,5,4,4,4,5,1,1,2,6,1,6,4,4,1,1,1,3,4,6,6,6,1,3,4,4,6,1,4,1,6,6,6,3,4,2,4,3,3,3,3,4,5,4,4,4,3,4,3,3,31,2,5,4,762246973
5/2/2017 1:08,5/2/2017 1:15,0,72.234.244.170,100,412,1,5/2/2017 1:15,R_tKgJn8LwmQKwW2d,,,,,19.58459473,-155.0242004,anonymous,4,6,5,5,3,3,3,3,5,5,5,5,2,2,3,4,6,3,4,5,3,3,5,3,1,6,2,1,1,3,1,4,4,5,3,5,3,2,3,4,3,3,5,6,2,3,5,5,4,3,4,5,3,4,3,3,6,1,2,1,5,2,4,4,4,4,5,5,3,5,4,5,4,2,5,4,4,4,3,5,38,2,4,4,6469869413
5/2/2017 1:22,5/2/2017 1:27,0,71.239.237.165,100,302,1,5/2/2017 1:27,R_123yGt5KA6obsiQ,,,,,40.70440674,-89.65570068,anonymous,5,6,6,6,1,1,4,1,6,5,6,6,3,1,5,1,5,4,6,5,4,3,6,2,1,6,1,1,2,3,1,3,4,4,3,4,2,1,4,6,5,5,6,6,1,1,4,1,5,6,4,5,1,1,2,1,6,6,4,1,4,3,2,2,6,6,4,6,1,2,5,4,5,6,5,5,2,4,4,6,38,1,2,3,6953573376
5/2/2017 1:44,5/2/2017 1:48,0,72.130.131.241,100,219,1,5/2/2017 1:48,R_29pnqMLUupXzoym,,,,,21.41160583,-158.0182953,anonymous,3,5,4,4,3,3,2,3,4,5,4,4,4,4,5,4,4,4,5,5,4,3,5,3,1,6,1,1,4,4,1,5,4,4,4,3,4,3,3,4,4,4,4,4,4,3,5,4,4,4,3,3,3,4,3,4,5,4,4,1,5,5,6,3,4,4,3,3,4,4,3,4,4,4,3,3,4,4,3,4,31,2,1,4,535626901
5/2/2017 1:44,5/2/2017 1:49,0,67.181.212.84,100,278,1,5/2/2017 1:49,R_veSaKVtkd2C3wLD,,,,,36.64840698,-119.9136963,anonymous,3,5,4,4,1,1,3,2,4,3,4,4,2,3,5,3,2,4,4,4,2,3,6,1,3,6,2,2,3,4,1,4,4,4,3,3,2,1,2,6,2,3,5,4,2,2,6,1,4,5,3,4,3,3,3,4,6,2,3,1,6,3,4,2,3,4,3,4,2,4,2,4,4,4,3,4,3,2,2,5,29,1,1,4,4444987509
5/2/2017 1:46,5/2/2017 1:50,0,73.191.30.140,100,253,1,5/2/2017 1:50,R_2zbZrhf6g31eKkk,,,,,39.05099487,-76.72850037,anonymous,4,5,4,5,2,3,3,4,5,5,5,5,4,5,4,6,5,5,5,5,5,4,6,3,1,6,1,1,1,2,1,2,4,3,3,4,3,2,3,4,6,6,6,6,5,4,5,5,4,6,3,2,4,4,2,5,6,5,3,1,6,4,6,3,5,5,4,4,5,4,4,5,4,5,3,2,3,4,3,5,51,1,1,4,1634476488
5/2/2017 1:45,5/2/2017 1:52,0,73.185.111.40,100,429,1,5/2/2017 1:52,R_2ydYJCYaWMuDH1R,,,,,38.67289734,-121.1488037,anonymous,4,6,4,5,1,2,1,2,4,6,4,5,2,1,5,3,3,4,4,3,6,4,5,2,1,6,1,1,3,3,2,4,4,5,3,3,3,1,3,4,3,4,4,5,1,1,1,2,4,6,4,4,1,2,1,4,5,1,1,1,5,4,3,2,4,5,4,4,1,2,3,4,4,6,4,4,2,2,3,4,57,1,1,4,2882990903
5/2/2017 1:51,5/2/2017 1:55,0,68.4.23.178,100,238,1,5/2/2017 1:55,R_5jwMPZuOiwuWMkF,,,,,33.42280579,-117.6201019,anonymous,1,6,6,6,1,1,1,1,2,5,5,5,2,2,2,1,4,5,6,6,5,1,5,1,1,6,1,1,2,4,1,6,4,5,4,4,1,1,1,1,6,5,6,6,1,1,1,1,1,6,4,5,1,1,1,1,6,4,1,1,6,6,6,4,1,3,4,4,1,1,1,3,1,4,3,3,1,1,1,2,27,1,4,4,3732855939
5/2/2017 1:55,5/2/2017 1:57,0,98.237.218.62,100,115,1,5/2/2017 1:57,R_3ozmPyAV4twFOqf,,,,,46.88409424,-123.9949951,anonymous,5,4,2,6,1,1,1,1,5,4,3,4,3,4,3,5,4,2,6,5,4,3,6,3,3,6,2,1,1,4,2,4,4,4,4,4,4,3,1,2,5,2,2,5,4,4,2,2,2,4,5,6,2,5,1,2,6,2,3,1,5,4,4,1,4,4,1,2,4,1,2,2,4,4,4,4,4,3,4,2,21,1,1,4,3825423378
5/2/2017 1:51,5/2/2017 1:58,0,67.249.116.107,100,407,1,5/2/2017 1:58,R_qPjjemmlx7OazFD,,,,,43.07330322,-76.11039734,anonymous,5,6,5,5,3,2,4,2,5,5,5,5,4,4,5,4,5,5,5,5,4,2,6,3,1,6,1,1,1,4,1,3,6,5,3,5,2,2,3,4,5,5,5,5,3,2,6,4,5,5,5,5,4,4,5,4,6,4,2,2,6,5,6,4,5,5,4,5,4,5,4,4,5,5,3,5,2,3,2,4,62,2,1,4,3852697495
5/2/2017 3:05,5/2/2017 3:09,0,216.189.189.6,100,252,1,5/2/2017 3:09,R_3HIkTwASVUi3exQ,,,,,25.85820007,-80.1312027,anonymous,3,6,5,6,1,1,1,1,3,5,4,5,1,1,2,2,6,4,6,5,2,1,5,1,1,6,1,1,1,3,1,3,3,5,2,4,1,2,2,6,4,6,5,6,1,1,1,1,4,5,6,6,2,2,1,4,6,1,1,1,6,6,6,2,2,3,2,3,1,3,2,4,4,5,4,3,1,1,2,5,31,2,3,4,1761931130
5/2/2017 3:24,5/2/2017 3:29,0,108.48.147.136,100,275,1,5/2/2017 3:29,R_psXSRFMGAdMLipj,,,,,38.89219666,-76.76809692,anonymous,6,5,4,6,2,3,4,3,6,5,5,6,3,3,3,3,5,4,6,6,3,4,6,2,1,6,2,1,2,4,2,5,6,5,5,4,2,3,2,5,5,5,6,6,2,2,3,3,6,6,5,6,2,3,3,3,6,6,5,2,6,6,6,2,5,5,5,5,2,4,3,4,5,5,6,5,3,4,2,4,26,1,2,4,4352176846
5/2/2017 3:24,5/2/2017 3:29,0,50.82.181.191,100,291,1,5/2/2017 3:29,R_1QbYbWga4PY4Ibo,,,,,42.02450562,-91.66200256,anonymous,4,5,3,5,3,1,3,2,5,6,5,5,4,3,3,3,4,4,4,4,3,2,2,1,1,6,1,1,1,5,2,2,5,4,3,4,4,1,2,2,5,5,5,5,5,3,3,2,5,5,5,5,5,5,5,5,6,2,2,2,5,5,5,2,4,5,4,4,3,2,3,2,4,6,4,4,2,2,2,2,59,2,1,4,7572679356
5/2/2017 3:23,5/2/2017 3:29,0,96.67.104.18,100,363,1,5/2/2017 3:29,R_2ErW8rSeU2AXLeg,,,,,33.74899292,-84.38800049,anonymous,5,6,5,5,2,3,2,1,5,5,4,3,1,1,3,1,5,3,6,5,5,2,5,1,1,6,1,1,2,5,1,2,4,5,2,4,2,2,3,5,6,2,5,3,1,1,5,1,4,4,1,2,1,2,3,2,6,1,1,1,6,3,6,1,4,6,4,2,1,5,4,1,4,5,3,2,4,2,4,6,38,1,1,4,1206338611
5/2/2017 3:27,5/2/2017 3:31,0,98.14.170.194,100,233,1,5/2/2017 3:31,R_2f9EDJFtnSLRgpF,,,,,40.72479248,-73.91149902,anonymous,4,4,4,4,3,3,3,4,4,4,4,4,3,3,4,4,4,4,4,4,3,4,4,3,3,4,3,3,3,3,2,3,3,4,3,3,3,2,2,5,4,4,4,4,3,3,4,4,4,4,4,4,3,3,4,4,5,3,3,3,4,4,5,4,4,4,4,4,3,4,4,4,3,4,3,3,2,3,2,5,36,2,1,4,2746255878
5/2/2017 3:33,5/2/2017 3:36,0,157.51.86.164,100,204,1,5/2/2017 3:36,R_4O4cRtPKQG0hK1z,,,,,13.08329773,80.28329468,anonymous,4,4,4,4,4,4,4,4,4,4,4,4,4,4,4,4,4,4,4,5,4,4,4,4,3,4,3,4,3,3,3,4,4,4,4,4,4,4,4,4,5,4,5,3,5,5,5,5,5,4,4,4,4,4,4,4,5,5,5,3,5,5,3,5,5,4,4,4,4,4,4,4,4,4,4,4,4,4,4,4,32,1,4,3,6096051913
5/2/2017 3:33,5/2/2017 3:36,0,24.175.68.0,100,196,1,5/2/2017 3:36,R_r7QuoL8gzFi59HH,,,,,25.95089722,-97.32540131,anonymous,2,4,2,2,1,1,2,2,2,3,1,3,3,2,3,4,3,4,3,4,4,3,4,4,1,6,1,1,1,1,1,5,3,2,2,3,3,3,2,4,2,2,2,2,2,1,6,2,2,2,2,2,2,2,1,2,5,4,3,2,6,5,6,3,2,2,2,3,2,2,2,3,3,3,3,2,3,3,3,3,24,2,3,4,660007499
5/2/2017 3:33,5/2/2017 3:39,0,98.196.101.239,100,350,1,5/2/2017 3:39,R_3rSKXhnlHDkoqgF,,,,,29.73970032,-95.8302002,anonymous,6,4,6,5,3,4,4,2,5,5,5,5,2,4,6,3,4,4,6,4,5,4,6,2,3,6,2,6,1,4,1,3,3,3,3,3,2,1,2,1,6,5,5,5,4,3,5,1,6,3,5,5,3,5,4,2,6,3,3,1,6,5,6,1,3,4,5,4,4,5,5,3,5,3,4,3,3,6,3,2,29,2,1,2,9628635589
5/2/2017 3:37,5/2/2017 3:40,0,70.160.42.174,100,202,1,5/2/2017 3:40,R_8p1phnFTU5BFU6l,,,,,36.83720398,-76.14640045,anonymous,3,5,4,3,1,2,2,2,4,4,3,4,2,2,2,3,5,4,4,4,2,2,2,2,1,6,1,1,1,1,1,1,4,4,3,3,2,3,3,5,4,5,4,5,3,3,3,2,4,4,4,4,2,3,2,4,6,1,1,1,6,1,4,1,3,4,2,2,1,2,2,2,4,4,4,4,1,2,1,4,34,2,2,4,7073221826
5/2/2017 4:01,5/2/2017 4:13,0,23.88.99.195,100,721,1,5/2/2017 4:13,R_3Ny2nMKdOinMIkM,,,,,41.84829712,-87.62909698,anonymous,6,5,5,5,1,1,1,3,4,6,2,3,3,1,1,1,4,6,6,6,4,1,1,2,1,5,1,1,4,1,1,4,3,5,3,4,1,2,1,1,3,4,4,3,1,1,1,2,6,5,4,5,2,2,1,2,6,4,1,4,5,3,1,2,5,4,4,4,3,2,1,2,6,5,5,3,2,3,1,1,31,2,1,4,1974623315
5/2/2017 4:57,5/2/2017 5:00,0,98.5.63.231,100,195,1,5/2/2017 5:00,R_2CjpOydjE3AsRnD,,,,,42.93940735,-78.84380341,anonymous,4,5,6,4,5,6,5,4,5,6,6,6,5,6,5,6,4,4,4,4,4,4,4,4,6,6,1,1,2,3,1,5,6,5,6,5,6,5,5,6,5,6,6,5,6,5,5,5,6,6,6,6,5,5,5,5,6,3,3,2,5,5,4,4,6,6,5,4,4,5,6,5,5,5,5,4,6,6,6,6,31,1,2,4,2364546843
5/2/2017 4:56,5/2/2017 5:00,0,198.255.137.86,100,237,1,5/2/2017 5:00,R_2qqSPj4Gzd43Tdm,,,,,42.19619751,-75.8884964,anonymous,4,6,5,6,1,2,1,4,5,4,5,5,1,1,1,3,6,6,6,6,1,1,2,1,1,6,1,1,4,4,2,1,4,4,4,4,2,2,3,5,6,5,6,6,1,1,6,1,6,6,5,6,1,1,1,5,6,2,3,1,6,5,5,1,6,6,6,6,1,1,1,1,5,5,5,6,4,3,3,6,43,2,1,4,9794456013
5/2/2017 4:56,5/2/2017 5:01,0,98.30.148.211,100,244,1,5/2/2017 5:01,R_2CkzHfkNSKBtWV2,,,,,41.02819824,-84.05370331,anonymous,5,6,6,6,3,2,1,3,5,5,6,6,3,3,3,5,5,4,6,6,3,2,4,3,1,6,1,1,2,6,1,5,6,5,5,3,3,1,2,3,4,4,4,6,2,1,4,2,6,6,4,4,2,4,1,5,6,2,2,1,4,5,5,4,6,6,6,5,2,3,2,4,6,4,5,4,3,4,2,5,55,1,1,4,9110288918
5/2/2017 4:57,5/2/2017 5:03,0,66.91.14.198,100,398,1,5/2/2017 5:03,R_2xVoQXFBOZeBPXx,,,,,21.37750244,-158.0861969,anonymous,6,5,5,6,1,1,1,3,6,6,6,6,4,3,2,2,4,4,4,5,6,5,5,3,1,6,1,1,1,2,1,3,2,6,4,2,1,1,1,5,6,4,6,6,2,2,3,2,6,6,6,6,2,2,1,6,6,4,5,1,6,5,5,3,6,6,6,6,2,3,1,2,5,5,5,5,1,2,1,6,42,2,4,3,6111342702
5/2/2017 5:02,5/2/2017 5:06,0,73.45.6.100,100,251,1,5/2/2017 5:07,R_2TNMMLxbIcYHA3W,,,,,41.90379333,-87.67569733,anonymous,3,5,3,4,3,3,3,4,4,5,4,4,3,5,4,5,5,5,5,5,3,2,5,3,1,6,1,1,1,6,1,6,4,4,3,4,3,3,1,5,3,4,1,4,4,3,3,4,4,4,3,2,4,5,3,5,6,4,2,2,5,5,4,3,3,5,3,3,5,5,4,5,5,4,2,2,4,5,3,6,34,2,2,4,575129926
5/2/2017 5:40,5/2/2017 5:43,0,73.45.0.186,100,193,1,5/2/2017 5:43,R_2VdLP4EbIfE4t3O,,,,,40.70440674,-89.65570068,anonymous,4,6,3,3,4,5,2,5,5,6,2,2,5,6,6,6,4,2,4,5,5,3,5,3,1,6,1,1,1,5,1,6,5,5,3,3,2,4,1,3,6,6,2,1,4,5,4,6,5,6,1,1,4,4,5,6,6,4,3,2,5,5,6,4,5,6,6,2,6,6,6,6,5,5,2,1,4,6,3,6,25,2,1,4,4026746848
5/2/2017 5:44,5/2/2017 5:49,0,99.169.90.0,100,287,1,5/2/2017 5:49,R_3M9zZKEx85OLAkB,,,,,28.01699829,-80.67359924,anonymous,4,5,4,4,2,2,1,3,4,4,4,4,2,2,2,3,4,2,4,4,2,2,1,3,1,6,1,1,1,1,1,2,3,4,2,3,2,2,2,2,4,4,5,4,3,3,2,2,4,4,3,3,3,3,3,2,6,3,6,1,6,6,6,3,4,4,3,3,3,2,2,3,4,4,3,3,2,2,2,3,56,2,2,4,4482869553
5/2/2017 5:54,5/2/2017 5:57,0,172.72.225.237,100,218,1,5/2/2017 5:57,R_WeU1eDTyzsk6hMt,,,,,35.21800232,-80.7858963,anonymous,5,6,5,5,4,3,3,2,6,6,6,5,4,3,4,4,4,4,4,4,5,5,5,2,2,6,1,1,1,5,1,5,5,5,4,4,3,1,2,6,6,6,6,6,4,2,3,3,5,6,6,5,3,3,2,4,6,6,6,3,6,6,6,1,4,6,6,5,3,2,3,3,6,5,4,4,1,2,1,5,31,1,2,4,7122620577
5/2/2017 6:30,5/2/2017 6:34,0,70.113.3.107,100,223,1,5/2/2017 6:34,R_VJDyzJCFTvQ0LRv,,,,,30.33680725,-97.34459686,anonymous,4,4,4,3,3,1,3,2,6,5,5,4,3,2,5,4,3,3,3,4,3,6,4,3,2,6,2,2,2,5,2,6,4,4,3,2,3,2,3,5,6,1,4,4,3,2,5,4,6,5,5,4,4,3,4,4,5,1,3,3,6,5,3,4,6,4,5,4,4,2,6,5,5,5,5,4,2,1,4,4,44,1,1,4,9980890192
5/2/2017 6:30,5/2/2017 6:34,0,73.24.103.111,100,214,1,5/2/2017 6:34,R_NWNP5lFfKrkEiTn,,,,,28.51060486,-81.19760132,anonymous,4,4,4,4,4,4,4,4,5,5,5,2,3,1,4,5,1,5,5,2,5,3,5,3,1,6,1,1,1,4,2,6,4,4,6,4,3,2,4,1,2,4,6,4,2,4,4,4,4,4,5,4,4,4,4,3,3,3,3,3,3,2,3,4,4,2,3,3,5,3,3,5,4,4,4,4,4,3,4,4,55,2,1,1,5444240849
5/2/2017 6:30,5/2/2017 6:35,0,75.135.145.100,100,274,1,5/2/2017 6:35,R_3hfhFQx8D79Q097,,,,,42.26829529,-85.61669922,anonymous,5,5,5,5,2,2,3,2,5,6,5,4,2,2,3,4,5,5,5,5,2,2,5,5,1,6,1,5,2,5,2,5,2,3,3,3,1,1,3,3,5,5,5,5,2,2,2,2,5,6,5,5,2,3,2,3,5,2,2,1,6,4,4,1,5,5,3,4,3,3,2,4,4,5,4,4,2,2,2,4,24,2,1,4,2736094697
5/2/2017 6:33,5/2/2017 6:38,0,70.196.9.49,100,309,1,5/2/2017 6:38,R_2z6XQErT9NUfvWU,,,,,33.18840027,-96.58580017,anonymous,3,4,4,5,5,3,4,5,4,4,3,4,5,5,4,4,4,5,4,4,5,3,3,4,2,5,1,1,3,1,1,5,4,5,5,5,3,4,4,5,5,5,4,3,5,5,5,2,5,4,5,5,2,4,3,4,4,4,5,5,4,4,4,2,3,3,4,2,4,4,5,3,2,5,4,3,3,4,5,4,30,2,1,3,1073293076
5/2/2017 6:34,5/2/2017 6:38,0,107.13.131.218,100,223,1,5/2/2017 6:38,R_3kgLik3nAsHU6fx,,,,,35.88960266,-78.92440033,anonymous,4,5,4,5,1,2,2,3,5,5,5,5,4,4,4,5,4,4,5,5,2,2,4,2,1,6,1,1,1,6,1,6,4,4,3,3,3,2,3,5,5,4,4,5,2,2,3,4,5,4,4,4,4,4,4,4,6,6,1,1,6,6,6,4,5,3,4,4,3,4,4,4,5,4,3,4,3,3,4,5,30,2,2,4,148559670
5/2/2017 6:40,5/2/2017 6:43,0,184.187.152.166,100,204,1,5/2/2017 6:43,R_1LLPN50jMfXgK2h,,,,,30.1605072,-92.03320313,anonymous,5,5,4,5,3,3,3,4,5,5,5,5,3,3,3,4,5,4,5,4,3,2,2,2,1,6,2,1,2,6,1,6,5,4,3,3,2,2,2,4,5,5,4,5,3,3,3,4,5,5,4,4,3,4,4,4,6,3,4,2,3,4,5,5,5,5,4,5,4,4,4,4,5,4,4,4,3,3,3,4,44,2,2,4,9743165718
5/2/2017 6:47,5/2/2017 6:49,0,107.12.139.195,100,153,1,5/2/2017 6:49,R_3GlVwI4QrorrFvC,,,,,34.75950623,-77.50189972,anonymous,4,4,4,5,2,2,2,3,4,6,5,5,2,3,2,3,3,6,5,5,2,2,3,4,1,5,1,1,1,4,1,4,4,5,4,4,4,3,3,5,3,5,5,4,3,2,2,3,2,4,5,5,2,2,2,3,4,3,5,1,5,4,2,2,4,5,4,5,3,3,4,4,4,5,5,4,2,3,4,4,34,2,1,4,1212900049
5/2/2017 7:07,5/2/2017 7:09,0,174.110.92.2,100,104,1,5/2/2017 7:09,R_1pxmlIbh9CULmuL,,,,,35.02459717,-78.99680328,anonymous,3,5,3,4,3,3,3,4,4,5,4,3,4,4,4,5,3,5,4,4,3,2,3,4,4,4,5,3,5,2,3,5,4,3,2,4,3,4,4,4,4,4,4,4,3,4,3,3,2,4,2,3,3,4,4,5,3,6,3,3,4,3,5,2,4,3,3,4,5,3,4,3,4,3,3,2,4,4,4,5,34,2,4,4,5643861019
5/2/2017 7:29,5/2/2017 7:34,0,98.5.61.211,100,322,1,5/2/2017 7:34,R_2fUwVpoSxpO1Cal,,,,,42.93559265,-78.80660248,anonymous,4,5,5,5,2,2,2,3,5,5,6,6,2,1,3,2,6,4,5,6,3,2,5,1,1,6,1,1,1,5,1,5,2,3,2,1,3,2,2,6,5,4,6,6,2,3,3,1,4,2,3,4,3,2,3,6,6,4,2,1,6,5,6,2,4,3,2,3,4,3,2,5,2,2,2,1,4,3,1,6,36,2,2,4,3051302717
5/2/2017 8:03,5/2/2017 8:05,0,12.236.238.7,100,140,1,5/2/2017 8:05,R_8BTkX6hgVZ3z6TL,,,,,28.63439941,-81.62210083,anonymous,6,6,5,6,1,1,4,1,3,4,5,5,3,4,4,2,5,4,4,3,2,3,4,3,2,5,4,2,2,2,2,4,4,4,5,3,3,3,3,4,6,6,5,6,3,3,5,1,6,4,5,6,2,2,3,1,6,4,5,3,6,4,6,3,6,4,6,6,3,3,4,2,4,3,4,4,3,3,4,3,25,2,1,4,6843864098
5/2/2017 8:03,5/2/2017 8:05,0,74.128.101.140,100,153,1,5/2/2017 8:05,R_10IMR70Badu8jiz,,,,,38.99409485,-84.77410126,anonymous,4,6,4,4,3,2,1,3,4,6,3,6,2,3,2,5,6,6,5,2,4,3,1,3,1,6,3,2,2,5,2,3,3,5,2,4,3,3,3,5,5,6,4,4,3,2,3,2,6,6,4,5,5,4,3,3,6,6,5,2,6,4,5,1,5,6,4,5,3,5,2,5,4,6,3,1,6,2,4,5,20,1,1,4,8726104130
5/2/2017 8:03,5/2/2017 8:06,0,67.175.64.6,100,189,1,5/2/2017 8:06,R_322BuJ39R07QISc,,,,,41.81300354,-87.71340179,anonymous,1,5,1,1,1,1,1,4,2,3,2,4,4,3,2,5,6,2,5,5,4,4,3,1,1,4,1,1,3,2,1,2,1,4,1,2,1,1,2,6,3,2,1,5,2,2,2,2,1,6,1,5,1,1,1,6,6,4,4,1,6,4,5,3,1,5,3,5,2,3,2,5,2,5,2,2,4,3,3,6,29,1,1,4,2687238548
5/2/2017 8:03,5/2/2017 8:06,0,174.125.230.101,100,224,1,5/2/2017 8:06,R_77mK5Je1DLfHtwB,,,,,44.74150085,-91.30120087,anonymous,3,6,5,6,3,2,4,2,6,3,5,5,4,2,6,2,4,4,4,5,3,1,4,2,1,6,1,1,1,6,1,6,6,5,4,4,3,1,4,3,6,3,6,6,6,1,6,4,6,5,5,6,6,4,6,2,5,1,1,1,6,5,6,3,5,4,6,3,5,2,4,2,6,5,4,5,6,3,3,2,51,2,1,4,3596762582
5/2/2017 8:03,5/2/2017 8:07,0,68.5.77.199,100,240,1,5/2/2017 8:07,R_YS0LqaHUelPqAqR,,,,,33.74229431,-117.7684021,anonymous,4,2,2,2,1,1,1,4,6,6,3,4,1,3,1,5,6,4,5,6,5,3,2,2,1,6,1,1,2,2,1,6,2,4,3,1,1,1,1,3,6,4,2,6,2,1,1,4,6,6,5,6,2,4,2,6,6,4,6,1,6,4,4,2,5,5,2,4,2,1,1,5,6,6,1,2,2,2,3,5,31,2,1,3,5657402226
5/2/2017 8:03,5/2/2017 8:07,0,98.156.69.35,100,272,1,5/2/2017 8:07,R_2yei3qYClN7pPBg,,,,,39.0184021,-94.70899963,anonymous,2,5,4,5,1,1,1,1,5,3,5,5,2,1,5,3,5,5,5,6,2,1,4,1,1,6,1,1,1,5,1,6,4,3,3,4,2,1,2,5,5,5,5,4,3,2,3,1,5,3,5,4,2,2,5,4,6,3,2,2,5,3,4,1,5,3,4,4,2,2,5,1,5,3,3,4,4,3,4,6,36,2,1,4,6668261709
5/2/2017 8:03,5/2/2017 8:08,0,162.243.163.123,100,274,1,5/2/2017 8:08,R_3pnbKmYSWNFzRAc,,,,,40.80430603,-74.01210022,anonymous,3,4,4,5,2,4,2,3,4,4,4,4,3,3,3,4,5,4,4,4,3,3,3,3,1,6,1,1,1,5,1,6,3,5,4,3,1,1,1,4,4,4,5,4,4,1,3,3,3,3,5,4,2,4,2,2,6,1,1,1,6,5,6,3,3,3,3,3,3,3,3,3,4,4,3,4,1,4,3,4,29,2,1,4,1841814295
5/2/2017 8:16,5/2/2017 8:21,0,71.239.186.8,100,272,1,5/2/2017 8:21,R_3q7r8Sa6AbOMfVu,,,,,42.37379456,-87.94400024,anonymous,5,4,5,4,1,1,3,4,4,3,5,4,2,2,3,3,5,4,5,4,2,2,4,2,1,5,1,1,2,4,1,6,3,3,3,3,1,1,3,4,5,5,5,4,1,1,3,3,5,4,3,4,2,3,2,5,6,5,4,1,6,5,5,3,5,5,4,4,2,3,3,5,3,3,2,4,2,3,2,6,45,1,1,4,6570511465
5/2/2017 9:40,5/2/2017 10:06,0,39.48.81.173,100,1553,1,5/2/2017 10:06,R_3OkJAW5c1MT5SOC,,,,,24.90559387,67.0821991,anonymous,5,4,6,2,3,2,3,5,2,2,2,2,2,2,2,2,4,3,3,4,4,2,5,5,1,6,1,1,1,6,1,6,5,3,4,4,2,2,3,1,2,2,2,2,2,2,2,2,2,2,2,2,2,2,2,2,2,2,2,2,2,2,2,2,2,2,2,2,2,2,2,2,2,2,2,2,2,2,2,2,26,2,4,4,6376175415
5/2/2017 10:08,5/2/2017 10:11,0,75.132.108.44,100,168,1,5/2/2017 10:11,R_qR8wfnh4P5pwee5,,,,,38.52000427,-89.98400116,anonymous,2,5,3,2,3,4,2,3,5,6,4,3,3,2,3,3,6,4,5,4,4,2,3,2,1,6,1,1,1,4,2,4,3,4,3,4,3,4,2,5,5,4,4,5,5,3,3,3,4,6,3,4,4,2,2,3,5,2,2,1,5,4,6,3,5,6,4,5,4,4,4,4,4,6,2,4,3,3,3,3,37,1,1,4,5558607648
5/2/2017 10:11,5/2/2017 10:14,0,71.245.72.2,100,154,1,5/2/2017 10:14,R_xb9IrUogu339NDj,,,,,41.58770752,-71.46230316,anonymous,5,3,4,5,4,4,3,3,6,6,6,6,6,3,6,1,6,5,6,4,3,5,4,3,6,3,3,3,6,6,4,5,3,5,4,6,3,5,4,4,4,4,5,6,6,4,5,4,6,3,3,4,3,3,5,5,5,4,6,3,3,5,3,3,5,6,5,4,5,4,3,5,5,5,5,3,5,4,4,6,24,1,3,3,3738008826
5/2/2017 10:11,5/2/2017 10:15,0,104.162.78.175,100,193,1,5/2/2017 10:15,R_1iqUxeZwpdETRE8,,,,,40.62339783,-74.02880096,anonymous,5,5,5,5,3,4,2,3,6,6,5,6,4,3,4,5,5,2,5,6,6,4,5,2,1,6,1,1,1,3,1,4,4,3,4,4,3,2,1,2,6,5,5,6,2,2,2,4,5,5,4,3,3,2,2,5,6,5,3,1,6,1,5,2,5,5,4,4,3,3,3,5,5,3,2,3,3,2,2,5,33,1,1,4,6435949239
5/2/2017 10:13,5/2/2017 10:17,0,129.252.33.84,100,241,1,5/2/2017 10:17,R_RWva2OHo8B8ICC5,,,,,33.99369812,-81.01989746,anonymous,5,5,5,5,2,2,2,2,5,5,5,5,3,2,2,4,5,5,5,5,3,2,4,3,1,6,1,1,1,6,1,6,4,4,4,4,2,3,2,4,5,5,5,5,3,2,2,4,5,5,4,5,3,3,2,4,6,3,2,1,6,6,6,4,5,5,4,4,2,3,3,3,5,5,4,4,3,3,2,5,63,1,1,4,7445603357
5/2/2017 10:20,5/2/2017 10:23,0,67.99.246.15,100,180,1,5/2/2017 10:23,R_UuORF4ue41eL7ot,,,,,34.49220276,-117.776001,anonymous,1,6,4,4,1,1,1,1,4,6,6,6,4,4,4,4,3,6,6,6,3,1,6,1,2,6,2,1,3,4,1,4,3,2,1,1,1,1,1,4,1,6,5,6,1,1,4,1,2,6,2,3,5,3,2,3,6,3,6,1,6,6,6,3,4,4,4,4,4,4,4,4,3,4,1,2,1,3,1,3,30,1,1,4,4174979082
5/2/2017 10:38,5/2/2017 10:44,0,12.38.35.150,100,381,1,5/2/2017 10:44,R_3P51W9nIptDSQzO,,,,,28.55349731,-81.30039978,anonymous,3,5,4,4,1,1,2,1,5,5,6,6,3,3,2,2,5,6,5,6,5,1,2,2,1,6,1,1,1,1,1,1,6,5,5,3,4,2,2,4,5,5,5,6,6,4,4,3,6,6,5,5,2,4,2,2,5,5,2,1,6,6,6,3,2,5,4,4,1,3,2,2,1,6,3,3,1,6,4,2,26,1,5,4,7275939933
5/2/2017 10:39,5/2/2017 10:47,0,100.16.120.157,100,475,1,5/2/2017 10:47,R_sj2HGEPJyv2KxoJ,,,,,39.37879944,-76.81390381,anonymous,3,5,4,4,1,1,1,1,2,6,4,5,1,1,3,1,6,1,6,6,5,1,6,2,1,6,1,1,1,2,1,5,6,6,3,4,1,1,1,6,5,1,6,3,1,1,6,1,1,6,4,4,1,1,1,3,6,4,1,1,6,6,6,3,3,5,4,4,1,1,1,5,4,6,4,4,1,1,1,1,32,2,2,4,5882656895
5/2/2017 11:31,5/2/2017 11:32,0,67.186.29.207,100,48,1,5/2/2017 11:32,R_RtvWMVBchSIL9e1,,,,,40.33560181,-79.55069733,anonymous,3,2,3,2,3,1,3,4,5,4,2,4,5,2,2,4,4,2,2,4,5,2,4,5,5,5,2,5,3,2,3,3,2,4,4,5,2,2,3,2,1,2,4,5,4,2,4,5,6,2,3,3,3,5,3,5,5,2,5,3,4,6,2,5,3,3,5,4,1,3,4,2,3,5,2,3,4,3,5,5,24,2,1,4,8621162912
5/2/2017 11:41,5/2/2017 11:46,0,73.168.146.149,100,282,1,5/2/2017 11:46,R_3qwVpaQ6L3YKodW,,,,,39.16229248,-84.89109802,anonymous,4,5,5,5,1,2,4,4,5,5,5,5,4,2,4,3,4,6,5,4,3,2,4,1,1,6,1,1,6,2,1,2,4,4,3,4,1,3,1,6,4,5,5,5,2,1,4,1,5,2,3,4,5,5,3,6,6,1,1,1,6,4,6,2,5,1,2,3,5,5,4,6,4,3,2,2,4,4,1,5,41,1,1,4,4641700685
5/2/2017 11:41,5/2/2017 11:48,0,75.121.249.154,100,405,1,5/2/2017 11:48,R_8D08Q53qkjmihHP,,,,,39.57060242,-94.45960236,anonymous,5,5,5,5,2,2,3,3,5,6,6,6,2,2,5,2,6,3,6,6,6,2,6,2,1,6,1,1,1,2,1,4,5,5,6,6,1,2,3,1,5,4,6,6,2,1,5,2,5,5,5,6,3,1,2,2,6,4,1,1,6,4,6,4,4,5,5,6,2,1,3,1,3,4,1,1,3,1,2,4,59,1,1,4,908743046
5/2/2017 11:49,5/2/2017 11:54,0,50.0.135.30,100,310,1,5/2/2017 11:54,R_1Ow7387fyNEMyJ1,,,,,37.79570007,-122.4208984,anonymous,4,5,5,4,2,2,2,4,4,6,5,4,3,3,3,4,4,5,4,4,3,2,5,3,1,5,1,1,2,4,1,4,4,4,4,3,4,3,2,5,5,5,5,5,5,5,5,2,4,5,5,2,2,2,2,5,6,4,6,3,6,6,6,4,5,5,4,5,5,5,4,5,4,5,5,2,2,3,1,5,44,1,4,4,1981862020
5/2/2017 11:50,5/2/2017 11:56,0,162.204.243.157,100,345,1,5/2/2017 11:56,R_3nCnmDGmSKgrnki,,,,,42.55810547,-87.82859802,anonymous,4,6,5,5,2,3,2,2,6,6,4,5,3,4,3,2,4,6,5,4,2,3,3,3,1,6,1,1,2,4,1,2,4,4,3,3,2,3,3,3,5,5,3,3,3,4,3,1,5,3,3,4,3,4,3,4,6,3,1,1,6,4,4,3,4,2,3,4,3,3,3,4,5,4,2,3,3,3,3,4,37,2,1,4,6598560228
5/2/2017 12:14,5/2/2017 12:17,0,207.67.119.130,100,171,1,5/2/2017 12:17,R_2fHtF368hKY56Kc,,,,,41.92059326,-87.7016983,anonymous,3,1,2,3,2,1,3,3,3,3,3,3,3,3,3,5,3,3,4,5,2,3,3,4,2,5,2,3,2,2,2,5,3,3,2,2,3,4,2,3,4,4,4,4,5,4,4,5,2,3,2,1,3,2,2,1,2,3,4,4,3,3,5,3,2,3,2,2,4,3,3,5,2,3,3,3,3,3,3,4,38,1,1,4,7156209
5/2/2017 12:30,5/2/2017 12:36,0,71.60.203.244,100,320,1,5/2/2017 12:36,R_1dxY8LW9n1ma6LO,,,,,40.09680176,-80.91739655,anonymous,1,3,5,5,1,1,2,1,3,1,5,6,2,6,5,2,6,1,2,5,2,3,2,1,1,6,2,5,1,3,1,4,5,4,2,4,2,1,5,1,4,2,5,6,2,1,4,1,2,5,4,4,5,2,1,6,6,1,2,2,6,6,6,2,4,2,2,1,3,3,5,5,4,2,5,6,1,1,3,5,34,2,1,4,4318154436
